<?xml version="1.0" encoding="UTF-8"?>
<beans xmlns="http://www.springframework.org/schema/beans"
	xmlns:xsi="http://www.w3.org/2001/XMLSchema-instance"
	xsi:schemaLocation="http://www.springframework.org/schema/beans http://www.springframework.org/schema/beans/spring-beans.xsd">


<bean id="empbean" class="com.cg.entity.Employee">
<property name="empId" value="173550"></property>
<property name="name" value="Eroal"></property>
<property name="salary" value="5012"></property>
</bean>

<bean id="empbean2" class="com.cg.entity.Employee">
<property name="empId" value="175468"></property>
<property name="name" value="Robert"></property>
<property name="salary" value="50546"></property>
</bean>


</beans>
