<?xml version="1.0" encoding="UTF-8"?>
<beans xmlns="http://www.springframework.org/schema/beans"
	xmlns:xsi="http://www.w3.org/2001/XMLSchema-instance"
	xsi:schemaLocation="http://www.springframework.org/schema/beans http://www.springframework.org/schema/beans/spring-beans.xsd">
	
<!-- 	Lab1.1 -->
	<bean id="employeebean" class="com.cg.ioc.Employee">
		<property name="empId" value="173550"></property>
		<property name="empName" value="Eroal"></property>
		<property name="empSal" value="5000"></property>
		<property name="empBU" value="learning and development"></property>
		<property name="empAge" value="22"></property>	
		<property name="sbu" ref="sbubean"></property>
	</bean>
	
	
<!-- 	Lab1.2 -->
	<bean id="sbubean" class="com.cg.ioc.Sbu">
<property name="sbuId" value="101"></property>
<property name="sbuName" value="LnD"></property>
<property name="sbuHead" value="Kavita"></property>
</bean>

</beans>
